customer_id,company_name
CUST4C4B2E4E,Stafford Ltd
CUSTE2F4EE09,"King, Tucker and Rowe"
CUST403A7836,"Mccall, Jackson and Carey"
CUST6C1E087E,"Clark, Erickson and Sullivan"
CUSTC5AAF1EC,Cunningham-Hendricks
CUSTB60F877C,Hunter Group
CUST8CAD012D,Pierce-Long
CUST754796FC,"Decker, Thomas and Jones"
CUSTC6D347EB,Baker and Sons
CUST90E1CD06,Barrett Inc
CUSTB391F301,Atkins PLC
CUST7951B634,Hansen-Baxter
CUSTCCBFB0DD,Roberson-Collins
CUSTFF121A74,Davis-Torres
CUST78A8451A,Hall and Sons
CUST8B021061,Cruz-Anderson
CUSTEEEDDDC3,Douglas LLC
CUST5E462CD1,Saunders-Klein
CUSTF4D5E7C4,Moore-Cantu
CUSTA7EC2CE3,Becker Group
CUST5D4963E7,"Poole, Walker and Ross"
CUST1BD9C820,Long-Dodson
CUST29B659C5,Russell LLC
CUST3658D4AC,"Diaz, Hall and Williams"
CUST67C4BA1F,"Donovan, Gonzalez and Figueroa"
CUSTE15CEBB1,Jones-Thompson
CUSTBDAA9160,Graham Group
CUST6E608F50,Padilla-Wilcox
CUST31854B2E,Landry-Espinoza
CUSTE1F45412,Gray PLC
CUSTD09C740D,"Garcia, Bartlett and Martinez"
CUSTABBA725E,Butler Group
CUST4F80F38B,Chavez LLC
CUSTEA865581,Tran Group
CUST79DF767E,Alexander LLC
CUST3EDAC507,"Miller, Evans and Holmes"
CUST858D0A4F,Berg-Trujillo
CUSTA9C4DE75,Lee-Myers
CUSTB88D66D7,"Gallegos, Lopez and Murphy"
CUSTCB122D1D,Hernandez-Barker
CUST95BF241B,Johnson-Freeman
CUSTD347CE99,Brown and Sons
CUSTE3E2DADB,"Morgan, Jennings and Martin"
CUST0E479022,"Stewart, Braun and Jones"
CUST8A8E633E,Sampson-Zimmerman
CUSTB51A6596,Miller Group
CUSTDB279808,"Smith, Ferrell and Taylor"
CUSTA4351FC4,Miller Ltd
CUST3F1A5539,Collins-Mcgee
CUST94EC93EE,"Boyer, Hunt and Hernandez"
CUSTDF105EF7,Reyes Ltd
CUST824BDBFB,Williams LLC
CUSTC7D9C51B,"Mendoza, Flores and Daniel"
CUST146A917A,Gill Inc
CUST0488B330,Cruz-Cooper
CUSTE63E969C,"Weaver, Morgan and Tran"
CUSTF8BE4285,Rivera-Cooper
CUSTA3FAA698,King Inc
CUSTCC1E01CE,Meyer and Sons
CUST4A714F00,Steele and Sons
CUST71590965,Adams LLC
CUSTD2998CF1,Hill Ltd
CUST7B8A7664,Brennan-Casey
CUSTA26D9755,Jackson LLC
CUST46F2877D,Shaw-Decker
CUSTE9E42114,Phillips Ltd
CUSTD69ED5CB,Little LLC
CUSTF69DDC1C,"Valdez, Mitchell and Logan"
CUSTDFED956D,"Brown, Price and Campbell"
CUSTF84D30C1,Preston-Erickson
CUST93BDA75C,Reyes-Allen
CUST4F8CD18B,Smith-Molina
CUST361C5E62,Powell-Ruiz
CUST82578179,"Howard, Wright and Walker"
CUST1597DA5B,"Johnson, Hall and Hoover"
CUST56DD0518,"Anderson, Whitaker and Maldonado"
CUST9681F737,"Harmon, Bowen and Tyler"
CUST9D0E99B3,Lewis-Ferguson
CUST10A7A6B4,Smith Ltd
CUSTDC18551A,Dudley-Stanley
CUSTDC3827D9,Yang Inc
CUST2D6BA2B1,Wright-Mckinney
CUSTAA7B6BB7,"Roberts, George and Bell"
CUSTE553690E,"King, Johnson and Roman"
CUST03A26DFB,Turner-Taylor
CUST7F5919B9,Castaneda-Morrison
CUST6F086159,"Briggs, Cunningham and Young"
CUSTC3C2B018,"Holmes, Mccullough and Strickland"
CUSTA3C555B4,Hamilton-Bryant
CUSTEB28C824,Ellis-Jones
CUST069A9CB0,Petersen and Sons
CUSTF50841F9,"Ward, Cain and Smith"
CUST0C3BB922,Rivers-Young
CUST50782423,"Johnson, Jackson and Wheeler"
CUST299FC135,Flores and Sons
CUST609A8B9D,"Burton, Lozano and Perez"
CUST4A31604C,"Wong, Taylor and Miller"
CUSTBC3CE089,"Lopez, Brown and Mata"
CUSTC9EC0BD1,Lynch-Rivera
CUST549A8F4A,Hunt PLC
CUST551C8509,"Bradshaw, Miranda and Parks"
CUSTEBEC1E18,Roberson Ltd
CUST7FB10E85,Baker-Glover
CUST50E7D428,Williams Inc
CUSTEB74A38E,Blackwell-Edwards
CUST5A8F2757,"Andersen, Williams and Gutierrez"
CUST5F9BAC92,Castro Ltd
CUST4A99608B,"Brown, Copeland and Johns"
CUST25DF2B9C,"Sosa, Rivas and Ray"
CUSTE2E4B183,"Atkins, Mills and Osborne"
CUSTC7D50C36,"Taylor, Carney and Ashley"
CUST8588B027,"Potter, Miller and Clark"
CUST3F2A99F0,"Jones, Robinson and Newman"
CUST26DCD5D7,Moore Group
CUSTCEB5246E,"Turner, Mays and Booth"
CUST3E9C0F67,"Owens, Reed and Waters"
CUSTBDB5B045,"Smith, Andrews and Alvarez"
CUSTD6616745,"Romero, Villegas and Hudson"
CUSTB78F5719,Avila-Khan
CUST322D85EA,"Woods, Swanson and Cooper"
CUST0F701C32,Juarez Group
CUST41277BD7,"Roberts, Johns and Webb"
CUST026262E7,"Thompson, Alexander and Lane"
CUST67A71EDC,"Jordan, Young and James"
CUST81BF182B,Dunlap-Allen
CUST168615D7,Pierce-Herrera
CUSTC1CC0E4B,Holt PLC
CUST4CE49608,Conway-Carter
CUST8FFD94F8,"Smith, Lee and Gonzalez"
CUST856B1A0A,"Roberts, Tucker and Cervantes"
CUSTAE0FBD17,Brown-Melendez
CUSTF2EED22F,"Cortez, Kim and Kelley"
CUST9A93EEB4,"Davis, Miller and Beltran"
CUST0EE564C8,"Palmer, Sosa and Velasquez"
CUSTFAE6609D,Colon Ltd
CUSTC314E8B2,Barton PLC
CUST7AD7CA2D,Ramirez and Sons
CUST6052F6E5,Scott LLC
CUSTF07C4DD6,"Russell, Farley and Gonzalez"
CUSTE18902F8,Campos Ltd
CUST77FD3BE0,"Delacruz, Conner and Doyle"
CUST83A4EFCA,"Smith, Martinez and Washington"
CUST1F600781,Stewart-Ibarra
CUSTBAB285C1,"Lopez, Bailey and Nelson"
CUST9179A779,Jones-Bennett
CUST16664539,"Berg, Herman and Thomas"
CUST0E77B1C7,Stevenson LLC
CUST6DFF8F82,Fitzgerald-Cruz
CUSTB3F2396E,"Johnson, Jensen and Black"
CUST1E2F67DE,Nichols Inc
CUST62305BD4,Hall Inc
CUST5689B693,Fox and Sons
CUSTBA3C8016,Munoz PLC
CUST16BF28E0,"Durham, Chambers and Ruiz"
CUSTE4377D0C,Park Inc
CUST03747296,Thomas Group
CUST0B19E81B,Murphy-Le
CUST303666BF,"Martinez, Crawford and Salazar"
CUST1F2CBFC6,Vincent Group
CUSTF8A0CEC9,"Thomas, Romero and Flores"
CUSTA67EAA1A,Vang PLC
CUSTAC0EC61A,Thomas Inc
CUST33375AC1,"Burns, Moore and Hernandez"
CUST663DA3E0,Taylor PLC
CUSTFF8855C7,Berry-Fleming
CUST91FDFF23,Johnson Ltd
CUSTF79FC942,"Willis, Park and Mcguire"
CUST1EB3086F,"Chan, Moore and Crawford"
CUST92FE9987,"Leonard, Wiggins and Lin"
CUSTF31B3843,Jones LLC
CUST84A83285,"Barnes, Williams and Jones"
CUST65C1FF15,"Russell, Whitehead and Terrell"
CUST9AB2E130,Wright PLC
CUST884C2DFF,Fisher-Stone
CUST82C89DCB,Bradshaw-Evans
CUSTB0B2057B,Berger-Torres
CUSTAF127C66,Williams-Frank
CUST6B4A099B,"Manning, Lee and Monroe"
CUSTBA579E33,Beard-Baker
CUST51E7CF79,Benson and Sons
CUST9CCB0EEE,"Johnson, Collins and Howell"
CUSTA51FC81B,"Martinez, Howard and Le"
CUST1EDF42AC,Ortiz-Silva
CUST1F77A707,"Trevino, Hughes and Castillo"
CUST35B10345,Burke-Turner
CUST5D2867C4,Smith LLC
CUSTA15E3CCC,"Duncan, Green and Jackson"
CUSTAF3E767B,"Clark, Gardner and Mason"
CUST5AA6B31A,"Brown, Mccall and Rodriguez"
CUST7432CA84,"Jackson, Bush and Duncan"
CUST25C96B85,Mccoy Group
CUSTD23AF977,"Wagner, Hood and Lopez"
CUSTF2610CF5,"Hall, Reed and Edwards"
CUST41D0D7F3,"Mckee, Cooper and Rowe"
CUST5539D125,Watson PLC
CUST6A681ADE,Stevens PLC
CUST6CC5D6E9,"Guzman, Arnold and Johnson"
CUST2F79FA78,Smith-Bradley
